pid	Driver SNP	Top candidate SNP	Open Targets candidate gene	Top SNP P-value	Myositis	IMD	Pairwise FDR	H4	Novel
8:11491677	rs13277113	rs2736340	BLK	0.000192214	IIM (R)	RA	0.00461545673798292	0.882993830456604	Yes
8:11491677	rs13277113	rs2736340	BLK	0.000192214	IIM (R)	SLE	0.00454863504324476	0.556097234421236	Yes
8:11491677	rs13277113	rs2736340	BLK	0.000192214	IIM (R)	SSc	0.00444802193731342	0.866748831175058	Yes
8:11491677	rs13277113	rs2736340	BLK	0.000192214	IIM (R)	SjS	0.0044815101201825	0.598792629926976	Yes
3:28029953	rs669607	rs819991	EOMES	0.00105722	IIM (R)	SSc	0.0342720813016696	0.525440394250851	Yes
10:6064303	rs7072793	rs7072793	IL2RA	0.00119073	IIM (R)	RA	0.0225661188579385	0.575427749196801	Yes
7:128954129	rs10488631	rs13236009	IRF5/TNPO3	6.41047e-05	IIM (R)	HypoThy	0.00394755115652445	0.733967809983824	Yes
7:128954129	rs10488631	rs13236009	IRF5/TNPO3	6.41047e-05	IIM (R)	MPO+ AAV	0.00441666071182201	0.880001249241407	Yes
7:128954129	rs10488631	rs13236009	IRF5/TNPO3	6.41047e-05	IIM (R)	RA	0.00393561648644292	0.858103358888917	Yes
7:128954129	rs10488631	rs13236009	IRF5/TNPO3	6.41047e-05	IIM (R)	SLE	0.00391856828984527	0.784745212828008	Yes
7:128954129	rs10488631	rs13236009	IRF5/TNPO3	6.41047e-05	IIM (R)	SSc	0.00391851687033207	0.910533878201612	Yes
7:128954129	rs10488631	rs13236009	IRF5/TNPO3	6.41047e-05	IIM (R)	SjS	0.00391851687033207	0.835621008850878	Yes
5:157185077	rs394378	rs163315	ITK/HAVCR2	3.7826e-05	DM (R)	HyperThy	0.0361135000854858	0.819875838992209	Yes
5:157185077	rs394378	rs163315	ITK/HAVCR2	3.7826e-05	DM (R)	HypoThy	0.0359418415516298	0.661679273437676	Yes
5:157185077	rs394378	rs163315	ITK/HAVCR2	0.000621833	IIM (R)	HyperThy	0.0145035883557376	0.655368642563099	Yes
5:157185077	rs394378	rs163315	ITK/HAVCR2	0.000621833	IIM (R)	HypoThy	0.0143280813129912	0.569890706458776	Yes
2:198029415	rs10196612	rs6738825	PLCL1	0.000115543	IIM (M)	SjS	0.0327125710023052	0.524532808278292	Yes
2:198029415	rs10196612	rs6738825	PLCL1	3.09814e-05	IIM (R)	SjS	0.00457474413573089	0.638487245051484	Yes
1:113834946	rs2476601	rs2476601	PTPN22	1.62873e-07	IIM (R)	HyperThy	4.27177528766753e-05	0.997946322622566	No
1:113834946	rs2476601	rs2476601	PTPN22	1.62873e-07	IIM (R)	HypoThy	4.27177528723455e-05	0.997454078798712	No
1:113834946	rs2476601	rs2476601	PTPN22	1.62873e-07	IIM (R)	JIA	4.271786575194e-05	0.997548776964342	No
1:113834946	rs2476601	rs2476601	PTPN22	1.62873e-07	IIM (R)	LOMG	0.0186435766349858	0.714685203492923	No
1:113834946	rs2476601	rs2476601	PTPN22	1.62873e-07	IIM (R)	MG	4.27537033578229e-05	0.998464303615631	No
1:113834946	rs2476601	rs2476601	PTPN22	1.62873e-07	IIM (R)	MPO+ AAV	0.000745407648275465	0.98489811045125	No
1:113834946	rs2476601	rs2476601	PTPN22	1.62873e-07	IIM (R)	PBC	0.0460252928719679	0.679475738937233	No
1:113834946	rs2476601	rs2476601	PTPN22	1.62873e-07	IIM (R)	RA	4.27177528723455e-05	0.997454802858157	No
1:113834946	rs2476601	rs2476601	PTPN22	2.585e-05	PM (M)	HyperThy	0.0129248561049751	0.927241026890502	No
1:113834946	rs2476601	rs2476601	PTPN22	2.585e-05	PM (M)	HypoThy	0.0129248561049709	0.931306575798794	No
1:113834946	rs2476601	rs2476601	PTPN22	2.585e-05	PM (M)	JIA	0.0129248562163962	0.880621355633204	No
1:113834946	rs2476601	rs2476601	PTPN22	2.585e-05	PM (M)	MG	0.0129248915923174	0.941703461776844	No
1:113834946	rs2476601	rs2476601	PTPN22	2.585e-05	PM (M)	MPO+ AAV	0.0136184934652188	0.69674745924061	No
1:113834946	rs2476601	rs2476601	PTPN22	2.585e-05	PM (M)	RA	0.0129248561049709	0.931106210102609	No
1:113834946	rs2476601	rs2476601	PTPN22	1.24733e-06	PM (R)	HyperThy	0.000104667942121828	0.995672500129383	No
1:113834946	rs2476601	rs2476601	PTPN22	1.24733e-06	PM (R)	HypoThy	0.000104667942117498	0.995172000076382	No
1:113834946	rs2476601	rs2476601	PTPN22	1.24733e-06	PM (R)	JIA	0.000104668054990098	0.994156855543547	No
1:113834946	rs2476601	rs2476601	PTPN22	1.24733e-06	PM (R)	LOMG	0.0187043744482762	0.605522055764987	No
1:113834946	rs2476601	rs2476601	PTPN22	1.24733e-06	PM (R)	MG	0.000104703890375757	0.996700154561865	No
1:113834946	rs2476601	rs2476601	PTPN22	1.24733e-06	PM (R)	MPO+ AAV	0.000807314303888918	0.973441494652574	No
1:113834946	rs2476601	rs2476601	PTPN22	1.24733e-06	PM (R)	PBC	0.0460843943102902	0.561285300194756	No
1:113834946	rs2476601	rs2476601	PTPN22	1.24733e-06	PM (R)	RA	0.000104667942117498	0.995167080959714	No
22:21585386	rs5754217	rs5754217	UBE2L3	0.000299693	DM (R)	SSc	0.0371879832453746	0.80548065654405	Yes
22:21585386	rs5754217	rs5754217	UBE2L3	7.44449e-05	IIM (R)	SSc	0.00531742315286177	0.825515787528538	Yes
