pid	CHR38	BP38	SNPID	REF	ALT
1:113761186	1	113761186	rs6679677	C	A
1:113834946	1	113834946	rs2476601	A	G
2:100143015	2	100143015	rs11692867	G	A
2:191038032	2	191038032	rs3821236	G	A
2:191071078	2	191071078	rs10168266	C	T
3:28033394	3	28033394	rs451375	A	G
3:28033679	3	28033679	rs819991	G	T
4:122629959	4	122629959	rs13132308	A	G
6:166993145	6	166993145	rs415890	G	C
7:37352216	7	37352216	rs2700984	C	T
7:128936032	7	128936032	rs3757387	T	C
7:129011468	7	129011468	rs36073657	C	T
7:129023119	7	129023119	rs13236009	T	G
7:129044262	7	129044262	rs62478615	G	C
7:129061277	7	129061277	rs13246321	T	C
8:11480078	8	11480078	rs2409780	T	C
8:11486464	8	11486464	rs2736340	C	T
11:64340263	11	64340263	rs663743	G	A
11:64369120	11	64369120	rs1662188	G	T
12:111472415	12	111472415	rs10774625	A	G
12:111535554	12	111535554	rs597808	A	G
17:39907128	17	39907128	rs883770	C	T
17:75215547	17	75215547	rs9909306	A	G
