SNPID	rsID	nearestGene	pid	CHR	BP	SNP	REF	ALT
rs6679677	rs6679677	PHTF1	1:113761186	1	113761186	rs6679677	C	A
rs2476601	rs2476601	RSBN1	1:113834946	1	113834946	rs2476601	A	G
rs11692867	rs11692867	AFF3	2:100143015	2	100143015	rs11692867	G	A
rs3821236	rs3821236	STAT1	2:191038032	2	191038032	rs3821236	G	A
rs451375	rs451375	CMC1	3:28033394	3	28033394	rs451375	A	G
rs819991	rs819991	CMC1	3:28033679	3	28033679	rs819991	G	T
rs13132308	rs13132308	IL21	4:122629959	4	122629959	rs13132308	A	G
rs415890	rs415890	CEP43	6:166993145	6	166993145	rs415890	G	C
rs2700984	rs2700984	ELMO1	7:37352216	7	37352216	rs2700984	C	T
rs3757387	rs3757387	IRF5	7:128936032	7	128936032	rs3757387	T	C
rs36073657	rs36073657	TNPO3	7:129011468	7	129011468	rs36073657	C	T
rs13236009	rs13236009	TNPO3	7:129023119	7	129023119	rs13236009	T	G
rs62478615	rs62478615	TNPO3	7:129044262	7	129044262	rs62478615	G	C
rs13246321	rs13246321	TNPO3	7:129061277	7	129061277	rs13246321	T	C
rs2409780	rs2409780	FAM167A	8:11480078	8	11480078	rs2409780	T	C
rs2736340	rs2736340	BLK	8:11486464	8	11486464	rs2736340	C	T
rs663743	rs663743	CCDC88B	11:64340263	11	64340263	rs663743	G	A
rs1662188	rs1662188	RPS6KA4	11:64369120	11	64369120	rs1662188	G	T
rs10774625	rs10774625	SH2B3	12:111472415	12	111472415	rs10774625	A	G
rs597808	rs597808	ATXN2	12:111535554	12	111535554	rs597808	A	G
rs9909306	rs9909306	NUP85	17:75215547	17	75215547	rs9909306	A	G
rs11190140	rs11190140	NKX2-3	10:99531836	10	99531836	rs11190140	T	C
rs11195128	rs11195128	DUSP5	10:110426390	10	110426390	rs11195128	C	T
rs3814231	rs3814231	PLEKHS1	10:113721259	10	113721259	rs3814231	C	T
rs3793910	rs3793910	EBF3	10:129764729	10	129764729	rs3793910	G	T
rs10829131	rs10829131	ABI1	10:26888316	10	26888316	rs10829131	A	G
rs11008080	rs11008080	MAP3K8	10:30513870	10	30513870	rs11008080	A	C
rs722988	rs722988	ITGB1	10:33137219	10	33137219	rs722988	T	C
rs4934533	rs4934533	CREM	10:35070691	10	35070691	rs4934533	A	G
rs2247911	rs2247911	IPMK	10:58134169	10	58134169	rs2247911	C	T
rs1107345	rs1107345	IL2RA	10:6045332	10	6045332	rs1107345	G	T
rs7072793	rs7072793	IL2RA	10:6064303	10	6064303	rs7072793	T	C
rs7073236	rs7073236	IL2RA	10:6064589	10	6064589	rs7073236	T	C
rs4147359	rs4147359	IL2RA	10:6066476	10	6066476	rs4147359	G	A
rs7090530	rs7090530	IL2RA	10:6068912	10	6068912	rs7090530	C	A
rs11593907	rs11593907	ARID5B	10:62026795	10	62026795	rs11593907	T	C
rs10740059	rs10740059	ARID5B	10:62049768	10	62049768	rs10740059	G	A
rs10796045	rs10796045	PFKFB3	10:6360779	10	6360779	rs10796045	G	T
rs10995239	rs10995239	ADO	10:62628605	10	62628605	rs10995239	A	G
rs10995250	rs10995250	ADO	10:62637161	10	62637161	rs10995250	G	A
rs2242258	rs2242258	CAMK2G	10:73847410	10	73847410	rs2242258	T	C
rs2633322	rs2633322	PLAU	10:73934174	10	73934174	rs2633322	T	C
rs1250539	rs1250539	PPIF	10:79277472	10	79277472	rs1250539	G	A
rs570613	rs570613	GATA3	10:8064539	10	8064539	rs570613	C	T
rs11185982	rs11185982	SH2D4B	10:80545871	10	80545871	rs11185982	T	C
rs10905371	rs10905371	GATA3	10:8438081	10	8438081	rs10905371	A	G
rs7096374	rs7096374	GATA3	10:8442150	10	8442150	rs7096374	C	T
rs2197415	rs2197415	GATA3	10:9020893	10	9020893	rs2197415	T	G
rs7923837	rs7923837	HHEX	10:92722160	10	92722160	rs7923837	G	A
rs11215037	rs11215037	NXPE1	11:114532952	11	114532952	rs11215037	G	A
rs513152	rs513152	NXPE1	11:114570401	11	114570401	rs513152	T	C
rs10892286	rs10892286	DDX6	11:118771376	11	118771376	rs10892286	A	C
rs715412	rs715412	DDX6	11:118813901	11	118813901	rs715412	G	A
rs4938573	rs4938573	CXCR5	11:118871133	11	118871133	rs4938573	C	T
rs6421571	rs6421571	CXCR5	11:118873063	11	118873063	rs6421571	T	C
rs7941030	rs7941030	UBASH3B	11:122651667	11	122651667	rs7941030	T	C
rs11221335	rs11221335	ETS1	11:128516011	11	128516011	rs11221335	T	C
rs4936059	rs4936059	ETS1	11:128632601	11	128632601	rs4936059	A	G
rs626816	rs626816	FLI1	11:128749880	11	128749880	rs626816	G	A
rs631647	rs631647	FLI1	11:128759040	11	128759040	rs631647	C	T
rs10840606	rs10840606	TH	11:2213460	11	2213460	rs10840606	A	G
rs2785197	rs2785197	CD44	11:35071523	11	35071523	rs2785197	A	G
rs736374	rs736374	CD44	11:35245397	11	35245397	rs736374	G	A
rs1570214	rs1570214	CD44	11:35268272	11	35268272	rs1570214	A	G
rs3763888	rs3763888	SLC1A2	11:35285601	11	35285601	rs3763888	T	C
rs11229519	rs11229519	OR5B21	11:58543114	11	58543114	rs11229519	C	T
rs936469	rs936469	IRF7	11:606749	11	606749	rs936469	G	A
rs650258	rs650258	CD5	11:61064810	11	61064810	rs650258	T	C
rs174537	rs174537	TMEM258	11:61785208	11	61785208	rs174537	G	T
rs102275	rs102275	TMEM258	11:61790331	11	61790331	rs102275	T	C
rs968567	rs968567	FADS1	11:61828092	11	61828092	rs968567	C	T
rs174611	rs174611	FADS1	11:61860409	11	61860409	rs174611	T	C
rs2246614	rs2246614	IRF7	11:619789	11	619789	rs2246614	T	G
rs694739	rs694739	CCDC88B	11:64329761	11	64329761	rs694739	A	G
rs538147	rs538147	RPS6KA4	11:64362250	11	64362250	rs538147	G	A
rs7130588	rs7130588	LRRC32	11:76559639	11	76559639	rs7130588	A	G
rs1847134	rs1847134	TYR	11:89272085	11	89272085	rs1847134	A	C
rs2164521	rs2164521	NOX4	11:89476817	11	89476817	rs2164521	G	A
rs4409785	rs4409785	CEP57	11:95578258	11	95578258	rs4409785	T	C
rs543104	rs543104	MAML2	11:96292545	11	96292545	rs543104	G	A
rs991817	rs991817	MYL2	12:110972733	12	110972733	rs991817	A	G
rs11065987	rs11065987	ATXN2	12:111634620	12	111634620	rs11065987	A	G
rs11066188	rs11066188	TRAFD1	12:112172910	12	112172910	rs11066188	G	A
rs11066320	rs11066320	RPL6	12:112468611	12	112468611	rs11066320	A	G
rs625228	rs625228	SPPL3	12:120840463	12	120840463	rs625228	G	A
rs7961554	rs7961554	HNF1A	12:120962441	12	120962441	rs7961554	A	C
rs11059910	rs11059910	SLC15A4	12:128787174	12	128787174	rs11059910	G	A
rs1025922	rs1025922	SMCO2	12:27472624	12	27472624	rs1025922	A	G
rs1820544	rs1820544	MUC19	12:40400191	12	40400191	rs1820544	C	T
rs2701129	rs2701129	NR4A1	12:52035693	12	52035693	rs2701129	T	G
rs10876864	rs10876864	IKZF4	12:56007301	12	56007301	rs10876864	G	A
rs1701704	rs1701704	IKZF4	12:56018703	12	56018703	rs1701704	T	G
rs703817	rs703817	NAB2	12:57096045	12	57096045	rs703817	C	T
rs774890	rs774890	OS9	12:57674605	12	57674605	rs774890	C	T
rs7134599	rs7134599	IFNG	12:68106295	12	68106295	rs7134599	G	A
rs2603088	rs2603088	YEATS4	12:69382519	12	69382519	rs2603088	A	G
rs10466829	rs10466829	CD69	12:9723495	12	9723495	rs10466829	G	A
rs17085007	rs17085007	GPR12	13:26957130	13	26957130	rs17085007	T	C
rs3858762	rs3858762	USP12	13:26971259	13	26971259	rs3858762	A	G
rs12875311	rs12875311	COG6	13:39768420	13	39768420	rs12875311	G	A
rs7993214	rs7993214	COG6	13:39776775	13	39776775	rs7993214	T	C
rs9594746	rs9594746	AKAP11	13:42415524	13	42415524	rs9594746	T	C
rs912425	rs912425	TNFSF11	13:42423188	13	42423188	rs912425	G	A
rs2121037	rs2121037	CCDC122	13:43897181	13	43897181	rs2121037	C	T
rs9546536	rs9546536	SLITRK1	13:83872899	13	83872899	rs9546536	A	C
rs9593835	rs9593835	SLITRK1	13:83874717	13	83874717	rs9593835	T	C
rs9546538	rs9546538	SLITRK1	13:83882600	13	83882600	rs9546538	T	C
rs8015918	rs8015918	CKB	14:103476654	14	103476654	rs8015918	A	G
rs3742458	rs3742458	CKB	14:103484031	14	103484031	rs3742458	A	G
rs8021297	rs8021297	DAD1	14:22436073	14	22436073	rs8021297	T	C
rs8192917	rs8192917	GZMB	14:24632954	14	24632954	rs8192917	C	T
rs2273844	rs2273844	GZMB	14:24634208	14	24634208	rs2273844	G	A
rs4902647	rs4902647	ZFP36L1	14:68787474	14	68787474	rs4902647	C	T
rs4899263	rs4899263	ZFP36L1	14:68818547	14	68818547	rs4899263	G	A
rs8013918	rs8013918	FOS	14:75242863	14	75242863	rs8013918	T	C
rs2300603	rs2300603	BATF	14:75539214	14	75539214	rs2300603	T	C
rs2300605	rs2300605	BATF	14:75544638	14	75544638	rs2300605	T	C
rs2301123	rs2301123	GALC	14:87953014	14	87953014	rs2301123	T	C
rs3742704	rs3742704	GPR65	14:88011538	14	88011538	rs3742704	A	C
rs10150214	rs10150214	GPR65	14:88031107	14	88031107	rs10150214	T	G
rs8035957	rs8035957	RASGRP1	15:38546063	15	38546063	rs8035957	T	C
rs10851403	rs10851403	EXD1	15:41173889	15	41173889	rs10851403	T	G
rs11071559	rs11071559	ICE2	15:60777789	15	60777789	rs11071559	C	T
rs17740623	rs17740623	TPM1	15:62764339	15	62764339	rs17740623	C	A
rs16950687	rs16950687	IQCH	15:67171675	15	67171675	rs16950687	A	G
rs8026898	rs8026898	RPLP1	15:69699078	15	69699078	rs8026898	G	A
rs4777183	rs4777183	RPLP1	15:69712436	15	69712436	rs4777183	C	T
rs10152591	rs10152591	RPLP1	15:69755818	15	69755818	rs10152591	A	C
rs2870085	rs2870085	CTSH	15:78941926	15	78941926	rs2870085	T	C
rs1369324	rs1369324	CTSH	15:78947377	15	78947377	rs1369324	A	G
rs3826007	rs3826007	BCL2A1	15:79970875	15	79970875	rs3826007	C	T
rs1138358	rs1138358	BCL2A1	15:79971003	15	79971003	rs1138358	A	C
rs1317060	rs1317060	IL16	15:81114074	15	81114074	rs1317060	T	C
rs2744148	rs2744148	SOX8	16:1023552	16	1023552	rs2744148	A	G
rs725613	rs725613	CLEC16A	16:11075826	16	11075826	rs725613	T	G
rs2041670	rs2041670	CLEC16A	16:11080795	16	11080795	rs2041670	G	A
rs12924729	rs12924729	CLEC16A	16:11093926	16	11093926	rs12924729	G	A
rs12103174	rs12103174	RMI2	16:11109873	16	11109873	rs12103174	A	G
rs17673553	rs17673553	RMI2	16:11148049	16	11148049	rs17673553	A	G
rs7195296	rs7195296	SNN	16:11655918	16	11655918	rs7195296	A	C
rs17606153	rs17606153	SNN	16:11701039	16	11701039	rs17606153	C	T
rs1592572	rs1592572	TXNDC11	16:11716526	16	11716526	rs1592572	T	C
rs7200798	rs7200798	PRKCB	16:23842539	16	23842539	rs7200798	G	A
rs8052258	rs8052258	SBK1	16:28293676	16	28293676	rs8052258	T	C
rs2650492	rs2650492	NPIPB6	16:28322090	16	28322090	rs2650492	G	A
rs2285459	rs2285459	ITGAL	16:30484091	16	30484091	rs2285459	T	C
rs1143678	rs1143678	ITGAX	16:31331684	16	31331684	rs1143678	C	T
rs735830	rs735830	DNASE1	16:3645353	16	3645353	rs735830	G	A
rs7194886	rs7194886	NOD2	16:50691282	16	50691282	rs7194886	C	T
rs2357934	rs2357934	CYLD	16:50883934	16	50883934	rs2357934	G	A
rs591940	rs591940	CCL22	16:57334266	16	57334266	rs591940	G	A
rs223881	rs223881	CCL22	16:57352654	16	57352654	rs223881	T	C
rs1182968	rs1182968	ZFP90	16:68540042	16	68540042	rs1182968	C	T
rs1170426	rs1170426	ZFP90	16:68569895	16	68569895	rs1170426	C	T
rs6499188	rs6499188	CDH3	16:68640885	16	68640885	rs6499188	G	A
rs3764310	rs3764310	DHODH	16:72014433	16	72014433	rs3764310	T	C
rs7202877	rs7202877	CTRB1	16:75213347	16	75213347	rs7202877	T	G
rs4074445	rs4074445	PLCG2	16:81856277	16	81856277	rs4074445	A	C
rs4299147	rs4299147	CDH13	16:82849733	16	82849733	rs4299147	T	C
rs7202472	rs7202472	IRF8	16:85943896	16	85943896	rs7202472	G	T
rs2945412	rs2945412	KSR1	17:27516617	17	27516617	rs2945412	G	A
rs1024611	rs1024611	CCL2	17:34252769	17	34252769	rs1024611	A	G
rs991804	rs991804	CCL2	17:34260706	17	34260706	rs991804	C	T
rs8067378	rs8067378	GSDMB	17:39895095	17	39895095	rs8067378	A	G
rs2305480	rs2305480	GSDMB	17:39905943	17	39905943	rs2305480	G	A
rs7216389	rs7216389	GSDMB	17:39913696	17	39913696	rs7216389	C	T
rs1358175	rs1358175	CCR7	17:40601537	17	40601537	rs1358175	C	T
rs757411	rs757411	SMARCE1	17:40618898	17	40618898	rs757411	C	T
rs1122326	rs1122326	HSPB9	17:42122855	17	42122855	rs1122326	A	C
rs12325861	rs12325861	HSPB9	17:42137394	17	42137394	rs12325861	T	C
rs12603327	rs12603327	HSPB9	17:42138534	17	42138534	rs12603327	T	C
rs7214921	rs7214921	RAB5C	17:42142007	17	42142007	rs7214921	T	C
rs6503695	rs6503695	STAT3	17:42347515	17	42347515	rs6503695	T	C
rs9891119	rs9891119	STAT3	17:42355962	17	42355962	rs9891119	A	C
rs16947546	rs16947546	PHOSPHO1	17:49246991	17	49246991	rs16947546	T	C
rs3853824	rs3853824	DGKE	17:56803632	17	56803632	rs3853824	T	C
rs1879145	rs1879145	DGKE	17:56824694	17	56824694	rs1879145	A	G
rs1292034	rs1292034	RPS6KB1	17:59912499	17	59912499	rs1292034	G	A
rs180515	rs180515	RNFT1	17:59946914	17	59946914	rs180515	A	G
rs7210086	rs7210086	SLC39A11	17:72645559	17	72645559	rs7210086	A	C
rs7214193	rs7214193	SLC39A11	17:72645726	17	72645726	rs7214193	A	G
rs959260	rs959260	GRB2	17:75373341	17	75373341	rs959260	C	T
rs1893217	rs1893217	CEP76	18:12809341	18	12809341	rs1893217	A	G
rs657555	rs657555	PTPN2	18:12847137	18	12847137	rs657555	C	T
rs16950548	rs16950548	DYM	18:49461270	18	49461270	rs16950548	C	T
rs12456021	rs12456021	ALPK2	18:58546158	18	58546158	rs12456021	G	A
rs7238078	rs7238078	MALT1	18:58716960	18	58716960	rs7238078	T	G
rs4545915	rs4545915	MALT1	18:58755636	18	58755636	rs4545915	A	G
rs8083511	rs8083511	TNFRSF11A	18:62361422	18	62361422	rs8083511	A	C
rs4891781	rs4891781	CD226	18:69857410	18	69857410	rs4891781	G	T
rs727088	rs727088	CD226	18:69863203	18	69863203	rs727088	G	A
rs763361	rs763361	CD226	18:69864406	18	69864406	rs763361	T	C
rs1790588	rs1790588	CD226	18:69867948	18	69867948	rs1790588	T	C
rs1788103	rs1788103	CD226	18:69871588	18	69871588	rs1788103	A	G
rs3181049	rs3181049	RAVER1	19:10330441	19	10330441	rs3181049	G	A
rs1051738	rs1051738	KEAP1	19:10467167	19	10467167	rs1051738	C	A
rs11878377	rs11878377	CARM1	19:10854594	19	10854594	rs11878377	C	T
rs1549926	rs1549926	CARM1	19:10892186	19	10892186	rs1549926	A	C
rs2024092	rs2024092	GPX4	19:1124032	19	1124032	rs2024092	G	A
rs887898	rs887898	AKAP8L	19:15428628	19	15428628	rs887898	A	G
rs874628	rs874628	MPV17L2	19:18193890	19	18193890	rs874628	A	G
rs736289	rs736289	CEBPA	19:33266156	19	33266156	rs736289	T	C
rs538649	rs538649	ZNF568	19:36921985	19	36921985	rs538649	T	C
rs10421415	rs10421415	ZNF420	19:36992542	19	36992542	rs10421415	T	C
rs935706	rs935706	ZNF420	19:36996730	19	36996730	rs935706	G	A
rs7255066	rs7255066	PVR	19:44642803	19	44642803	rs7255066	T	C
rs4802307	rs4802307	PPP5C	19:46346549	19	46346549	rs4802307	G	T
rs425105	rs425105	PRKD2	19:46705224	19	46705224	rs425105	T	C
rs160544	rs160544	FKRP	19:46731628	19	46731628	rs160544	G	A
rs6510827	rs6510827	TICAM1	19:4830616	19	4830616	rs6510827	T	C
rs676388	rs676388	MAMSTR	19:48708712	19	48708712	rs676388	T	C
rs17771967	rs17771967	FCAR	19:54868759	19	54868759	rs17771967	A	G
rs1077667	rs1077667	TNFSF14	19:6668961	19	6668961	rs1077667	C	T
rs7541397	rs7541397	EXTL2	1:100857310	1	100857310	rs7541397	A	G
rs11581062	rs11581062	SLC30A7	1:100941963	1	100941963	rs11581062	A	G
rs17021444	rs17021444	AMY1C	1:104351230	1	104351230	rs17021444	T	C
rs2476601	rs2476601	RSBN1	1:113834946	1	113834946	rs2476601	A	G
rs624988	rs624988	CD2	1:116721168	1	116721168	rs624988	T	C
rs12405671	rs12405671	CD2	1:116721246	1	116721246	rs12405671	G	A
rs949969	rs949969	RORC	1:151820338	1	151820338	rs949969	G	A
rs11204894	rs11204894	RORC	1:151820698	1	151820698	rs11204894	G	T
rs11265608	rs11265608	IL6R	1:154391664	1	154391664	rs11265608	G	A
rs4072037	rs4072037	MUC1	1:155192276	1	155192276	rs4072037	C	T
rs12724079	rs12724079	ASH1L	1:155464151	1	155464151	rs12724079	T	C
rs7522061	rs7522061	FCRL3	1:157698600	1	157698600	rs7522061	T	C
rs751258	rs751258	OR6K2	1:158698588	1	158698588	rs751258	C	A
rs857703	rs857703	OR6K3	1:158717434	1	158717434	rs857703	G	A
rs703143	rs703143	OR6K3	1:158724418	1	158724418	rs703143	G	A
rs2592900	rs2592900	APCS	1:159646839	1	159646839	rs2592900	A	G
rs10494343	rs10494343	VANGL2	1:160432749	1	160432749	rs10494343	T	C
rs955371	rs955371	CD244	1:160865793	1	160865793	rs955371	C	T
rs10800309	rs10800309	FCGR2A	1:161502368	1	161502368	rs10800309	A	G
rs1801274	rs1801274	FCGR2A	1:161509955	1	161509955	rs1801274	A	G
rs864537	rs864537	CD247	1:167442147	1	167442147	rs864537	A	G
rs2056626	rs2056626	CD247	1:167451188	1	167451188	rs2056626	T	G
rs10798176	rs10798176	FASLG	1:172706385	1	172706385	rs10798176	T	C
rs9286879	rs9286879	TNFSF18	1:172893094	1	172893094	rs9286879	A	G
rs704840	rs704840	TNFSF4	1:173257056	1	173257056	rs704840	T	G
rs2240335	rs2240335	PADI6	1:17348042	1	17348042	rs2240335	C	A
rs12146097	rs12146097	NMNAT2	1:183360126	1	183360126	rs12146097	C	T
rs977004	rs977004	IVNS1ABP	1:185375632	1	185375632	rs977004	A	G
rs2816316	rs2816316	RGS1	1:192567683	1	192567683	rs2816316	C	A
rs1323292	rs1323292	RGS1	1:192571891	1	192571891	rs1323292	G	A
rs16841842	rs16841842	DENND1B	1:197642552	1	197642552	rs16841842	C	A
rs2488389	rs2488389	DENND1B	1:197662011	1	197662011	rs2488389	G	A
rs12092948	rs12092948	DENND1B	1:197720837	1	197720837	rs12092948	T	C
rs1539414	rs1539414	DENND1B	1:197774376	1	197774376	rs1539414	G	A
rs2359952	rs2359952	PTPRC	1:198687278	1	198687278	rs2359952	A	G
rs2737682	rs2737682	NR5A2	1:200123224	1	200123224	rs2737682	A	G
rs2737685	rs2737685	NR5A2	1:200124223	1	200124223	rs2737685	C	T
rs2821337	rs2821337	NR5A2	1:200128615	1	200128615	rs2821337	A	G
rs1473688	rs1473688	TMCO4	1:19760913	1	19760913	rs1473688	A	G
rs1546416	rs1546416	KIF21B	1:201040428	1	201040428	rs1546416	A	G
rs3767498	rs3767498	KIF21B	1:201051599	1	201051599	rs3767498	A	G
rs6426833	rs6426833	RNF186	1:19845367	1	19845367	rs6426833	G	A
rs12145973	rs12145973	IL20	1:206821380	1	206821380	rs12145973	C	T
rs2013162	rs2013162	C1orf74	1:209795339	1	209795339	rs2013162	C	A
rs2174780	rs2174780	NSL1	1:212746065	1	212746065	rs2174780	G	A
rs12568930	rs12568930	ZBTB40	1:22375738	1	22375738	rs12568930	T	C
rs734999	rs734999	PRXL2B	1:2581777	1	2581777	rs734999	C	T
rs3748816	rs3748816	PRXL2B	1:2595307	1	2595307	rs3748816	A	G
rs6690896	rs6690896	RUNX3	1:24979116	1	24979116	rs6690896	G	A
rs4648356	rs4648356	TTC34	1:2792599	1	2792599	rs4648356	C	A
rs3738676	rs3738676	BMP8A	1:39525916	1	39525916	rs3738676	G	T
rs12122754	rs12122754	AJAP1	1:4638499	1	4638499	rs12122754	C	T
rs7517847	rs7517847	C1orf141	1:67215986	1	67215986	rs7517847	T	G
rs11209026	rs11209026	C1orf141	1:67240275	1	67240275	rs11209026	G	A
rs3790565	rs3790565	IL12RB2	1:67345673	1	67345673	rs3790565	C	T
rs2651244	rs2651244	CTH	1:70529879	1	70529879	rs2651244	G	A
rs7523335	rs7523335	ERRFI1	1:8120150	1	8120150	rs7523335	G	A
rs2661868	rs2661868	SLC45A1	1:8409729	1	8409729	rs2661868	C	T
rs11810217	rs11810217	EVI5	1:92682820	1	92682820	rs11810217	C	T
rs12746893	rs12746893	EVI5	1:92745319	1	92745319	rs12746893	T	C
rs991360	rs991360	FLRT3	20:14669711	20	14669711	rs991360	G	A
rs11087101	rs11087101	FLRT3	20:14678224	20	14678224	rs11087101	G	T
rs1041606	rs1041606	FLRT3	20:14697142	20	14697142	rs1041606	C	T
rs1535883	rs1535883	SIRPB1	20:1632173	20	1632173	rs1535883	A	G
rs1535253	rs1535253	RIN2	20:19702265	20	19702265	rs1535253	T	C
rs844813	rs844813	CD93	20:23098359	20	23098359	rs844813	C	T
rs844834	rs844834	CD93	20:23105867	20	23105867	rs844834	T	C
rs6073450	rs6073450	TTPAL	20:44458008	20	44458008	rs6073450	G	A
rs1983	rs1983	TTPAL	20:44494387	20	44494387	rs1983	G	A
rs4810482	rs4810482	MMP9	20:46005911	20	46005911	rs4810482	T	C
rs718050	rs718050	PTPN1	20:50580393	20	50580393	rs718050	A	G
rs2248359	rs2248359	CYP24A1	20:54174979	20	54174979	rs2248359	C	T
rs259964	rs259964	EDN3	20:59249254	20	59249254	rs259964	A	G
rs259956	rs259956	EDN3	20:59254246	20	59254246	rs259956	T	C
rs11700048	rs11700048	FERMT1	20:6104359	20	6104359	rs11700048	T	C
rs2822767	rs2822767	SAMSN1	21:14550718	21	14550718	rs2822767	A	G
rs1736161	rs1736161	USP25	21:15460903	21	15460903	rs1736161	G	A
rs9976971	rs9976971	IFNGR2	21:33395791	21	33395791	rs9976971	A	G
rs9808753	rs9808753	IFNGR2	21:33415005	21	33415005	rs9808753	A	G
rs2834512	rs2834512	KCNE1	21:34539301	21	34539301	rs2834512	G	A
rs2836878	rs2836878	PSMG1	21:39093608	21	39093608	rs2836878	G	A
rs3788013	rs3788013	UBASH3A	21:42421219	21	42421219	rs3788013	C	A
rs2839511	rs2839511	UBASH3A	21:42428412	21	42428412	rs2839511	G	A
rs5754217	rs5754217	RIMBP3C	22:21585386	22	21585386	rs5754217	G	T
rs4821112	rs4821112	YDJC	22:21610472	22	21610472	rs4821112	G	A
rs2298428	rs2298428	YDJC	22:21628603	22	21628603	rs2298428	C	T
rs2412971	rs2412971	HORMAD2	22:30098382	22	30098382	rs2412971	G	A
rs138794	rs138794	TOM1	22:35337661	22	35337661	rs138794	G	A
rs2072711	rs2072711	NCF4	22:36872513	22	36872513	rs2072711	A	G
rs929022	rs929022	IL2RB	22:37157685	22	37157685	rs929022	A	C
rs229527	rs229527	IL2RB	22:37185445	22	37185445	rs229527	C	A
rs2413583	rs2413583	PDGFB	22:39263768	22	39263768	rs2413583	C	T
rs1569498	rs1569498	RPL3	22:39318699	22	39318699	rs1569498	C	T
rs137685	rs137685	SYNGR1	22:39343623	22	39343623	rs137685	C	T
rs132905	rs132905	TEF	22:41403102	22	41403102	rs132905	C	A
rs202654	rs202654	TOB2	22:41445030	22	41445030	rs202654	G	A
rs9611613	rs9611613	CSDC2	22:41565827	22	41565827	rs9611613	T	C
rs6971	rs6971	TSPO	22:43162920	22	43162920	rs6971	A	G
rs2118280	rs2118280	AFF3	2:100129933	2	100129933	rs2118280	G	A
rs2009094	rs2009094	AFF3	2:100148615	2	100148615	rs2009094	G	A
rs1160542	rs1160542	AFF3	2:100215693	2	100215693	rs1160542	G	A
rs11685424	rs11685424	IL1RL1	2:102310521	2	102310521	rs11685424	G	A
rs13431828	rs13431828	IL18R1	2:102338193	2	102338193	rs13431828	C	T
rs1420101	rs1420101	IL18R1	2:102341256	2	102341256	rs1420101	C	T
rs3771166	rs3771166	IL18RAP	2:102369762	2	102369762	rs3771166	G	A
rs917997	rs917997	SLC9A4	2:102454108	2	102454108	rs917997	T	C
rs13405741	rs13405741	BCL2L11	2:111155479	2	111155479	rs13405741	T	C
rs6749633	rs6749633	BCL2L11	2:111230439	2	111230439	rs6749633	G	A
rs12373588	rs12373588	ANAPC1	2:111708688	2	111708688	rs12373588	T	G
rs7605443	rs7605443	ANAPC1	2:111716295	2	111716295	rs7605443	C	T
rs1534422	rs1534422	TRIB2	2:12500615	2	12500615	rs1534422	G	A
rs1534428	rs1534428	TRIB2	2:12503317	2	12503317	rs1534428	C	T
rs7603516	rs7603516	ZEB2	2:144747126	2	144747126	rs7603516	T	G
rs2111485	rs2111485	FAP	2:162254026	2	162254026	rs2111485	A	G
rs1990760	rs1990760	FAP	2:162267541	2	162267541	rs1990760	C	T
rs13010713	rs13010713	UBE2E3	2:181131318	2	181131318	rs13010713	A	G
rs6740847	rs6740847	ITGA4	2:181443625	2	181443625	rs6740847	A	G
rs13422838	rs13422838	ITGAV	2:186638119	2	186638119	rs13422838	T	C
rs2286896	rs2286896	NAB1	2:190670850	2	190670850	rs2286896	T	C
rs10931468	rs10931468	NAB1	2:190673836	2	190673836	rs10931468	C	A
rs4853516	rs4853516	NAB1	2:190689205	2	190689205	rs4853516	A	G
rs10168266	rs10168266	STAT1	2:191071078	2	191071078	rs10168266	C	T
rs7574865	rs7574865	STAT4	2:191099907	2	191099907	rs7574865	T	G
rs10196612	rs10196612	PLCL1	2:198029415	2	198029415	rs10196612	T	C
rs4602161	rs4602161	SATB2	2:198947854	2	198947854	rs4602161	A	C
rs6714524	rs6714524	SATB2	2:198962748	2	198962748	rs6714524	T	C
rs3916066	rs3916066	SATB2	2:199023062	2	199023062	rs3916066	G	A
rs231804	rs231804	CTLA4	2:203843923	2	203843923	rs231804	C	T
rs3768790	rs3768790	IKZF2	2:213056193	2	213056193	rs3768790	G	A
rs4674257	rs4674257	CXCR2	2:218124051	2	218124051	rs4674257	A	G
rs4674259	rs4674259	CXCR2	2:218126282	2	218126282	rs4674259	G	A
rs10933018	rs10933018	AP1S3	2:223804712	2	223804712	rs10933018	T	G
rs4673077	rs4673077	AP1S3	2:223830515	2	223830515	rs4673077	A	G
rs12614514	rs12614514	CCL20	2:227786316	2	227786316	rs12614514	G	A
rs10201872	rs10201872	SP110	2:230242009	2	230242009	rs10201872	C	T
rs9989899	rs9989899	SP110	2:230249416	2	230249416	rs9989899	G	A
rs2289472	rs2289472	SAG	2:233273594	2	233273594	rs2289472	C	T
rs2241880	rs2241880	SAG	2:233274722	2	233274722	rs2241880	A	G
rs3792109	rs3792109	SAG	2:233275771	2	233275771	rs3792109	G	A
rs4676403	rs4676403	AQP12B	2:240644259	2	240644259	rs4676403	A	G
rs6752378	rs6752378	ADCY3	2:24927247	2	24927247	rs6752378	C	A
rs10182181	rs10182181	ADCY3	2:24927427	2	24927427	rs10182181	A	G
rs1077492	rs1077492	EFR3B	2:25063566	2	25063566	rs1077492	C	T
rs1260326	rs1260326	GCKR	2:27508073	2	27508073	rs1260326	T	C
rs1039823	rs1039823	FOSL2	2:28400292	2	28400292	rs1039823	G	A
rs1355208	rs1355208	LBH	2:30222456	2	30222456	rs1355208	A	G
rs906868	rs906868	LBH	2:30225478	2	30225478	rs906868	G	T
rs12474030	rs12474030	THADA	2:43585178	2	43585178	rs12474030	G	A
rs17031095	rs17031095	THADA	2:43592000	2	43592000	rs17031095	A	G
rs12467420	rs12467420	THADA	2:43604011	2	43604011	rs12467420	G	A
rs6717574	rs6717574	PPP4R3B	2:55594710	2	55594710	rs6717574	A	G
rs10496044	rs10496044	PNPT1	2:55660614	2	55660614	rs10496044	T	G
rs13014803	rs13014803	REL	2:60940081	2	60940081	rs13014803	T	C
rs13003464	rs13003464	PEX13	2:60959694	2	60959694	rs13003464	A	G
rs1194849	rs1194849	SPRED2	2:65379519	2	65379519	rs1194849	T	C
rs268134	rs268134	SPRED2	2:65381229	2	65381229	rs268134	A	G
rs1876518	rs1876518	SPRED2	2:65381775	2	65381775	rs1876518	C	T
rs2576923	rs2576923	SPRED2	2:65406750	2	65406750	rs2576923	A	G
rs7595037	rs7595037	FBXO48	2:68419963	2	68419963	rs7595037	C	T
rs10174949	rs10174949	ID2	2:8302118	2	8302118	rs10174949	G	A
rs10178845	rs10178845	ID2	2:8303673	2	8303673	rs10178845	G	A
rs771767	rs771767	ZPLD1	3:102029794	3	102029794	rs771767	A	G
rs1398607	rs1398607	ZPLD1	3:102036894	3	102036894	rs1398607	C	A
rs10804863	rs10804863	ZPLD1	3:102037377	3	102037377	rs10804863	C	T
rs9815057	rs9815057	RETNLB	3:108745350	3	108745350	rs9815057	C	T
rs7609997	rs7609997	TRAT1	3:108848833	3	108848833	rs7609997	G	T
rs2715729	rs2715729	TRAT1	3:108851225	3	108851225	rs2715729	G	A
rs11712165	rs11712165	TMEM39A	3:119399949	3	119399949	rs11712165	T	G
rs12494314	rs12494314	TMEM39A	3:119403973	3	119403973	rs12494314	T	C
rs7650774	rs7650774	TIMMDC1	3:119486203	3	119486203	rs7650774	T	C
rs4330287	rs4330287	ADPRH	3:119570001	3	119570001	rs4330287	C	A
rs6763931	rs6763931	ZBTB38	3:141383991	3	141383991	rs6763931	G	A
rs9846396	rs9846396	RASA2	3:141422126	3	141422126	rs9846396	C	T
rs1464446	rs1464446	PLSCR5	3:146883508	3	146883508	rs1464446	G	T
rs4513503	rs4513503	SCHIP1	3:159784631	3	159784631	rs4513503	T	C
rs7636819	rs7636819	SCHIP1	3:159787814	3	159787814	rs7636819	G	T
rs1675497	rs1675497	SCHIP1	3:159864593	3	159864593	rs1675497	A	G
rs9811792	rs9811792	IL12A	3:159979210	3	159979210	rs9811792	C	T
rs6441286	rs6441286	IL12A	3:160011091	3	160011091	rs6441286	T	G
rs10936599	rs10936599	MYNN	3:169774313	3	169774313	rs10936599	C	T
rs1372072	rs1372072	PLCL2	3:16913767	3	16913767	rs1372072	G	A
rs12108065	rs12108065	PLCL2	3:17033379	3	17033379	rs12108065	A	G
rs9838060	rs9838060	LPP	3:188018128	3	188018128	rs9838060	A	G
rs11710227	rs11710227	LPP	3:188036207	3	188036207	rs11710227	A	G
rs9851967	rs9851967	LPP	3:188369840	3	188369840	rs9851967	C	T
rs1559810	rs1559810	LPP	3:188406566	3	188406566	rs1559810	C	A
rs6808275	rs6808275	TPRG1	3:188773770	3	188773770	rs6808275	A	G
rs1385331	rs1385331	NRROS	3:196624344	3	196624344	rs1385331	C	T
rs6550756	rs6550756	UBE2E2	3:23348730	3	23348730	rs6550756	G	A
rs778462	rs778462	UBE2E2	3:23406168	3	23406168	rs778462	A	C
rs322684	rs322684	TOP2B	3:25335732	3	25335732	rs322684	G	A
rs1483831	rs1483831	TOP2B	3:25342175	3	25342175	rs1483831	G	A
rs3806624	rs3806624	EOMES	3:27723132	3	27723132	rs3806624	A	G
rs11129295	rs11129295	EOMES	3:27747289	3	27747289	rs11129295	C	T
rs12493245	rs12493245	EOMES	3:27756319	3	27756319	rs12493245	G	A
rs669607	rs669607	CMC1	3:28029953	3	28029953	rs669607	A	C
rs6773182	rs6773182	RBMS3	3:29336599	3	29336599	rs6773182	A	C
rs6550005	rs6550005	TGFBR2	3:30608572	3	30608572	rs6550005	A	G
rs13098911	rs13098911	CCR1	3:46193709	3	46193709	rs13098911	C	T
rs9858280	rs9858280	BSN	3:49560304	3	49560304	rs9858280	T	C
rs3197999	rs3197999	MST1	3:49684099	3	49684099	rs3197999	G	A
rs2336725	rs2336725	SFMBT1	3:53084723	3	53084723	rs2336725	C	T
rs2253685	rs2253685	SFMBT1	3:53085687	3	53085687	rs2253685	G	A
rs2581786	rs2581786	RFT1	3:53092127	3	53092127	rs2581786	G	A
rs4681679	rs4681679	PXK	3:58346341	3	58346341	rs4681679	A	G
rs11130638	rs11130638	PDHB	3:58420220	3	58420220	rs11130638	A	G
rs9819066	rs9819066	FOXP1	3:71473959	3	71473959	rs9819066	C	T
rs11720523	rs11720523	FOXP1	3:71496019	3	71496019	rs11720523	C	A
rs13081814	rs13081814	EPHA6	3:95829911	3	95829911	rs13081814	A	G
rs3774937	rs3774937	NFKB1	4:102513096	4	102513096	rs3774937	T	C
rs6831973	rs6831973	CLNK	4:10707742	4	10707742	rs6831973	T	C
rs13151961	rs13151961	KIAA1109	4:122194347	4	122194347	rs13151961	A	G
rs13119723	rs13119723	ADAD1	4:122297158	4	122297158	rs13119723	A	G
rs2221903	rs2221903	IL21	4:122617757	4	122617757	rs2221903	C	T
rs1398553	rs1398553	IL21	4:122626913	4	122626913	rs1398553	A	G
rs2611215	rs2611215	TLL1	4:165653115	4	165653115	rs2611215	A	G
rs10517086	rs10517086	RBPJ	4:26083889	4	26083889	rs10517086	G	A
rs633059	rs633059	PTTG2	4:38131378	4	38131378	rs633059	A	G
rs4833071	rs4833071	KLF3	4:38581238	4	38581238	rs4833071	T	C
rs1472971	rs1472971	TEC	4:48258627	4	48258627	rs1472971	A	G
rs411261	rs411261	SLAIN2	4:48352040	4	48352040	rs411261	C	T
rs2177921	rs2177921	GC	4:71666044	4	71666044	rs2177921	A	G
rs2457996	rs2457996	PPBP	4:73990818	4	73990818	rs2457996	C	T
rs12504282	rs12504282	ANTXR2	4:80005847	4	80005847	rs12504282	C	T
rs7662083	rs7662083	ANTXR2	4:80012154	4	80012154	rs7662083	G	A
rs7672960	rs7672960	CCSER1	4:90963093	4	90963093	rs7672960	A	G
rs386352	rs386352	MACIR	5:103280006	5	103280006	rs386352	G	T
rs267949	rs267949	DAP	5:10743817	5	10743817	rs267949	T	C
rs10051830	rs10051830	WDR36	5:111117147	5	111117147	rs10051830	G	A
rs1457115	rs1457115	CAMK4	5:111231900	5	111231900	rs1457115	C	T
rs1050152	rs1050152	SLC22A5	5:132340627	5	132340627	rs1050152	C	T
rs2188962	rs2188962	SLC22A5	5:132435113	5	132435113	rs2188962	C	T
rs12521868	rs12521868	IRF1	5:132448701	5	132448701	rs12521868	G	T
rs11745587	rs11745587	IRF1	5:132461230	5	132461230	rs11745587	G	A
rs2070729	rs2070729	IRF1	5:132484229	5	132484229	rs2070729	C	A
rs6871536	rs6871536	IL13	5:132634182	5	132634182	rs6871536	T	C
rs2240032	rs2240032	IL13	5:132641435	5	132641435	rs2240032	C	T
rs244689	rs244689	TCF7	5:134087125	5	134087125	rs244689	A	G
rs254562	rs254562	PITX1	5:135105767	5	135105767	rs254562	A	G
rs254560	rs254560	PITX1	5:135107916	5	135107916	rs254560	G	A
rs11167764	rs11167764	NDFIP1	5:142099500	5	142099500	rs11167764	A	C
rs1062158	rs1062158	NDFIP1	5:142143435	5	142143435	rs1062158	C	T
rs13189930	rs13189930	OTULIN	5:14727773	5	14727773	rs13189930	C	A
rs251463	rs251463	PPARGC1B	5:149816766	5	149816766	rs251463	G	A
rs109077	rs109077	PPARGC1B	5:149817119	5	149817119	rs109077	T	G
rs2241695	rs2241695	SLC6A7	5:150223261	5	150223261	rs2241695	C	T
rs3822607	rs3822607	SLC6A7	5:150232230	5	150232230	rs3822607	G	A
rs7714584	rs7714584	ZNF300	5:150890858	5	150890858	rs7714584	A	G
rs10036748	rs10036748	TNIP1	5:151078585	5	151078585	rs10036748	C	T
rs17626419	rs17626419	GALNT10	5:154203177	5	154203177	rs17626419	A	G
rs394378	rs394378	GARIN3	5:157185077	5	157185077	rs394378	T	C
rs2546890	rs2546890	IL12B	5:159332892	5	159332892	rs2546890	A	G
rs6556412	rs6556412	IL12B	5:159360377	5	159360377	rs6556412	G	A
rs1422878	rs1422878	IL12B	5:159412209	5	159412209	rs1422878	C	T
rs2431697	rs2431697	PTTG1	5:160452971	5	160452971	rs2431697	T	C
rs2431099	rs2431099	PTTG1	5:160459613	5	160459613	rs2431099	A	G
rs4702149	rs4702149	ZNF622	5:16504654	5	16504654	rs4702149	T	C
rs883242	rs883242	PANK3	5:168808175	5	168808175	rs883242	C	A
rs6872201	rs6872201	RAB24	5:177293765	5	177293765	rs6872201	A	G
rs2967087	rs2967087	TARS1	5:33261145	5	33261145	rs2967087	A	C
rs268763	rs268763	TARS1	5:33305633	5	33305633	rs268763	T	C
rs11742240	rs11742240	IL7R	5:35881274	5	35881274	rs11742240	G	T
rs860413	rs860413	CAPSL	5:35942940	5	35942940	rs860413	A	C
rs1993879	rs1993879	CAPSL	5:35952038	5	35952038	rs1993879	C	T
rs395157	rs395157	OSMR	5:38867630	5	38867630	rs395157	C	T
rs1020360	rs1020360	PTGER4	5:40258476	5	40258476	rs1020360	C	T
rs1373692	rs1373692	PTGER4	5:40431081	5	40431081	rs1373692	A	C
rs1445001	rs1445001	PTGER4	5:40431562	5	40431562	rs1445001	A	G
rs17785206	rs17785206	ICE1	5:5373635	5	5373635	rs17785206	T	C
rs13328207	rs13328207	ANKRD55	5:56271260	5	56271260	rs13328207	G	A
rs6555357	rs6555357	SLC9A3	5:560808	5	560808	rs6555357	A	G
rs4957048	rs4957048	CEP72	5:583327	5	583327	rs4957048	G	A
rs3749615	rs3749615	CEP72	5:601370	5	601370	rs3749615	C	T
rs12517345	rs12517345	CEP72	5:628179	5	628179	rs12517345	G	A
rs2549782	rs2549782	ERAP2	5:96895296	5	96895296	rs2549782	G	T
rs2549796	rs2549796	LNPEP	5:96909639	5	96909639	rs2549796	C	T
rs3886512	rs3886512	CHD1	5:99115746	5	99115746	rs3886512	A	G
rs6903235	rs6903235	PRDM1	6:106064013	6	106064013	rs6903235	G	A
rs6568431	rs6568431	PRDM1	6:106140931	6	106140931	rs6568431	A	C
rs465969	rs465969	MFSD4B	6:111334327	6	111334327	rs465969	G	A
rs4946191	rs4946191	FAM162B	6:116759688	6	116759688	rs4946191	C	T
rs1490388	rs1490388	CENPW	6:126514509	6	126514509	rs1490388	C	T
rs9491699	rs9491699	RSPO3	6:127150388	6	127150388	rs9491699	C	T
rs13204742	rs13204742	THEMIS	6:127924620	6	127924620	rs13204742	G	T
rs11154801	rs11154801	AHI1	6:135418217	6	135418217	rs11154801	C	A
rs17066096	rs17066096	IL22RA2	6:137131771	6	137131771	rs17066096	A	G
rs13192841	rs13192841	OLIG3	6:137646077	6	137646077	rs13192841	G	A
rs602414	rs602414	TNFAIP3	6:137690528	6	137690528	rs602414	G	T
rs670369	rs670369	TNFAIP3	6:137825911	6	137825911	rs670369	C	T
rs6925099	rs6925099	HECA	6:139116871	6	139116871	rs6925099	T	C
rs6925306	rs6925306	HECA	6:139116980	6	139116980	rs6925306	T	G
rs1738074	rs1738074	TAGAP	6:159044945	6	159044945	rs1738074	T	C
rs654690	rs654690	TAGAP	6:159093746	6	159093746	rs654690	T	C
rs9366078	rs9366078	CEP43	6:166986024	6	166986024	rs9366078	A	G
rs2301436	rs2301436	CEP43	6:167024500	6	167024500	rs2301436	C	T
rs1855025	rs1855025	CCR6	6:167124106	6	167124106	rs1855025	A	G
rs11242807	rs11242807	SERPINB9	6:2905913	6	2905913	rs11242807	G	A
rs6454802	rs6454802	BACH2	6:90104480	6	90104480	rs6454802	C	T
rs4707609	rs4707609	BACH2	6:90236760	6	90236760	rs4707609	T	C
rs3757247	rs3757247	BACH2	6:90247744	6	90247744	rs3757247	C	T
rs12212193	rs12212193	BACH2	6:90287050	6	90287050	rs12212193	A	G
rs2108225	rs2108225	SLC26A3	7:107812658	7	107812658	rs2108225	G	A
rs4380874	rs4380874	SLC26A3	7:107839870	7	107839870	rs4380874	T	C
rs17574506	rs17574506	THSD7A	7:11586025	7	11586025	rs17574506	C	T
rs38904	rs38904	CFTR	7:117252792	7	117252792	rs38904	T	C
rs2966604	rs2966604	TMEM106B	7:12033238	7	12033238	rs2966604	C	T
rs759372	rs759372	TMEM106B	7:12035283	7	12035283	rs759372	G	A
rs4728142	rs4728142	IRF5	7:128933913	7	128933913	rs4728142	G	A
rs10488631	rs10488631	IRF5	7:128954129	7	128954129	rs10488631	T	C
rs12531711	rs12531711	IRF5	7:128977412	7	128977412	rs12531711	A	G
rs11763166	rs11763166	PLXNA4	7:132168151	7	132168151	rs11763166	G	A
rs6967574	rs6967574	CHCHD3	7:132875395	7	132875395	rs6967574	C	T
rs6962471	rs6962471	CHCHD3	7:132932033	7	132932033	rs6962471	G	A
rs10808024	rs10808024	PARP12	7:140064194	7	140064194	rs10808024	G	A
rs4291186	rs4291186	C7orf33	7:148222104	7	148222104	rs4291186	C	A
rs243519	rs243519	CUL1	7:148726532	7	148726532	rs243519	G	A
rs243511	rs243511	CUL1	7:148733056	7	148733056	rs243511	A	C
rs2107348	rs2107348	NFE2L3	7:26115894	7	26115894	rs2107348	A	G
rs10228276	rs10228276	HOXA13	7:27207660	7	27207660	rs10228276	G	A
rs798497	rs798497	AMZ1	7:2756323	7	2756323	rs798497	A	G
rs917117	rs917117	JAZF1	7:28136686	7	28136686	rs917117	G	A
rs1182188	rs1182188	GNA12	7:2830351	7	2830351	rs1182188	T	C
rs1182179	rs1182179	GNA12	7:2834014	7	2834014	rs1182179	A	G
rs11984075	rs11984075	ELMO1	7:37397251	7	37397251	rs11984075	A	G
rs865860	rs865860	GLI3	7:42081954	7	42081954	rs865860	A	G
rs1456896	rs1456896	IKZF1	7:50264865	7	50264865	rs1456896	C	T
rs11980379	rs11980379	IKZF1	7:50402283	7	50402283	rs11980379	T	C
rs4132601	rs4132601	IKZF1	7:50402906	7	50402906	rs4132601	T	G
rs10272724	rs10272724	IKZF1	7:50409515	7	50409515	rs10272724	T	C
rs6460055	rs6460055	CLDN3	7:73773187	7	73773187	rs6460055	T	C
rs13232536	rs13232536	CLDN4	7:73805178	7	73805178	rs13232536	A	G
rs10486847	rs10486847	SEMA3D	7:85045681	7	85045681	rs10486847	G	A
rs8179	rs8179	FAM133B	7:92606850	7	92606850	rs8179	T	C
rs979891	rs979891	GRHL2	8:101445058	8	101445058	rs979891	A	G
rs13276836	rs13276836	XKR6	8:11123493	8	11123493	rs13276836	A	C
rs13277113	rs13277113	BLK	8:11491677	8	11491677	rs13277113	G	A
rs2447154	rs2447154	CCN3	8:119370352	8	119370352	rs2447154	G	A
rs1551398	rs1551398	TRIB1	8:125527809	8	125527809	rs1551398	G	A
rs4410871	rs4410871	MYC	8:127802783	8	127802783	rs4410871	T	C
rs1529335	rs1529335	MYC	8:128004101	8	128004101	rs1529335	C	T
rs16903097	rs16903097	MYC	8:128544110	8	128544110	rs16903097	T	G
rs853308	rs853308	TG	8:132917672	8	132917672	rs853308	C	T
rs7005834	rs7005834	CCN4	8:133201961	8	133201961	rs7005834	C	T
rs2299603	rs2299603	ASAH1	8:18024974	8	18024974	rs2299603	C	T
rs6984124	rs6984124	PKIA	8:78482432	8	78482432	rs6984124	T	G
rs998731	rs998731	TPD52	8:80183160	8	80183160	rs998731	C	T
rs7814057	rs7814057	TPD52	8:80214690	8	80214690	rs7814057	A	C
rs6473225	rs6473225	ZBTB10	8:80368772	8	80368772	rs6473225	G	A
rs6473226	rs6473226	ZBTB10	8:80373524	8	80373524	rs6473226	T	C
rs952559	rs952559	ZBTB10	8:80376399	8	80376399	rs952559	A	G
rs3827806	rs3827806	MFHAS1	8:8866766	8	8866766	rs3827806	C	T
rs435581	rs435581	PPP1R3B	8:9171903	8	9171903	rs435581	A	G
rs893225	rs893225	GDF6	8:95966520	8	95966520	rs893225	G	A
rs4743322	rs4743322	TGFBR1	9:99072883	9	99072883	rs4743322	C	A
rs4574921	rs4574921	TNFSF15	9:114776054	9	114776054	rs4574921	C	T
rs6478109	rs6478109	TNFSF15	9:114806486	9	114806486	rs6478109	A	G
rs3761847	rs3761847	TRAF1	9:120927961	9	120927961	rs3761847	G	A
rs912355	rs912355	NEK6	9:124328687	9	124328687	rs912355	T	C
rs4077515	rs4077515	CARD9	9:136372044	9	136372044	rs4077515	C	T
rs10781500	rs10781500	CARD9	9:136374886	9	136374886	rs10781500	C	T
rs4266763	rs4266763	SNAPC4	9:136395373	9	136395373	rs4266763	A	G
rs10810365	rs10810365	SMARCA2	9:1532437	9	1532437	rs10810365	C	T
rs2760404	rs2760404	SMARCA2	9:1533526	9	1533526	rs2760404	A	G
rs109156	rs109156	ELAVL2	9:23579483	9	23579483	rs109156	A	G
rs11574914	rs11574914	CCL21	9:34710341	9	34710341	rs11574914	G	A
rs7041847	rs7041847	GLIS3	9:4287466	9	4287466	rs7041847	A	G
rs10814916	rs10814916	GLIS3	9:4293150	9	4293150	rs10814916	A	C
rs12347727	rs12347727	JAK2	9:5000811	9	5000811	rs12347727	A	G
rs822339	rs822339	CD274	9:5453172	9	5453172	rs822339	A	G
rs2282055	rs2282055	CD274	9:5455732	9	5455732	rs2282055	T	G
rs10124250	rs10124250	IL33	9:6161686	9	6161686	rs10124250	C	T
rs10119713	rs10119713	IL33	9:6163823	9	6163823	rs10119713	G	A
rs10908921	rs10908921	GADD45G	9:89706374	9	89706374	rs10908921	A	G
rs290986	rs290986	SYK	9:90801254	9	90801254	rs290986	A	G
