pid	CHR	BP	SNPID	REF	ALT
1:113761186	1	113761186	rs6679677	C	A
1:113834946	1	113834946	rs2476601	A	G
2:100143015	2	100143015	rs11692867	G	A
2:191038032	2	191038032	rs3821236	G	A
3:28033394	3	28033394	rs451375	A	G
3:28033679	3	28033679	rs819991	G	T
4:122629959	4	122629959	rs13132308	A	G
6:166993145	6	166993145	rs415890	G	C
7:37352216	7	37352216	rs2700984	C	T
7:128936032	7	128936032	rs3757387	T	C
7:129011468	7	129011468	rs36073657	C	T
7:129023119	7	129023119	rs13236009	T	G
7:129044262	7	129044262	rs62478615	G	C
7:129061277	7	129061277	rs13246321	T	C
8:11480078	8	11480078	rs2409780	T	C
8:11486464	8	11486464	rs2736340	C	T
11:64340263	11	64340263	rs663743	G	A
11:64369120	11	64369120	rs1662188	G	T
12:111472415	12	111472415	rs10774625	A	G
12:111535554	12	111535554	rs597808	A	G
17:75215547	17	75215547	rs9909306	A	G
10:99531836	10	99531836	rs11190140	T	C
10:110426390	10	110426390	rs11195128	C	T
10:113721259	10	113721259	rs3814231	C	T
10:129764729	10	129764729	rs3793910	G	T
10:26888316	10	26888316	rs10829131	A	G
10:30513870	10	30513870	rs11008080	A	C
10:33137219	10	33137219	rs722988	T	C
10:35070691	10	35070691	rs4934533	A	G
10:58134169	10	58134169	rs2247911	C	T
10:6045332	10	6045332	rs1107345	G	T
10:6064303	10	6064303	rs7072793	T	C
10:6064589	10	6064589	rs7073236	T	C
10:6066476	10	6066476	rs4147359	G	A
10:6068912	10	6068912	rs7090530	C	A
10:62026795	10	62026795	rs11593907	T	C
10:62049768	10	62049768	rs10740059	G	A
10:6360779	10	6360779	rs10796045	G	T
10:62628605	10	62628605	rs10995239	A	G
10:62637161	10	62637161	rs10995250	G	A
10:73847410	10	73847410	rs2242258	T	C
10:73934174	10	73934174	rs2633322	T	C
10:79277472	10	79277472	rs1250539	G	A
10:8064539	10	8064539	rs570613	C	T
10:80545871	10	80545871	rs11185982	T	C
10:8438081	10	8438081	rs10905371	A	G
10:8442150	10	8442150	rs7096374	C	T
10:9020893	10	9020893	rs2197415	T	G
10:92722160	10	92722160	rs7923837	G	A
11:114532952	11	114532952	rs11215037	G	A
11:114570401	11	114570401	rs513152	T	C
11:118771376	11	118771376	rs10892286	A	C
11:118813901	11	118813901	rs715412	G	A
11:118871133	11	118871133	rs4938573	C	T
11:118873063	11	118873063	rs6421571	T	C
11:122651667	11	122651667	rs7941030	T	C
11:128516011	11	128516011	rs11221335	T	C
11:128632601	11	128632601	rs4936059	A	G
11:128749880	11	128749880	rs626816	G	A
11:128759040	11	128759040	rs631647	C	T
11:2213460	11	2213460	rs10840606	A	G
11:35071523	11	35071523	rs2785197	A	G
11:35245397	11	35245397	rs736374	G	A
11:35268272	11	35268272	rs1570214	A	G
11:35285601	11	35285601	rs3763888	T	C
11:58543114	11	58543114	rs11229519	C	T
11:606749	11	606749	rs936469	G	A
11:61064810	11	61064810	rs650258	T	C
11:61785208	11	61785208	rs174537	G	T
11:61790331	11	61790331	rs102275	T	C
11:61828092	11	61828092	rs968567	C	T
11:61860409	11	61860409	rs174611	T	C
11:619789	11	619789	rs2246614	T	G
11:64329761	11	64329761	rs694739	A	G
11:64362250	11	64362250	rs538147	G	A
11:76559639	11	76559639	rs7130588	A	G
11:89272085	11	89272085	rs1847134	A	C
11:89476817	11	89476817	rs2164521	G	A
11:95578258	11	95578258	rs4409785	T	C
11:96292545	11	96292545	rs543104	G	A
12:110972733	12	110972733	rs991817	A	G
12:111634620	12	111634620	rs11065987	A	G
12:112172910	12	112172910	rs11066188	G	A
12:112468611	12	112468611	rs11066320	A	G
12:120840463	12	120840463	rs625228	G	A
12:120962441	12	120962441	rs7961554	A	C
12:128787174	12	128787174	rs11059910	G	A
12:27472624	12	27472624	rs1025922	A	G
12:40400191	12	40400191	rs1820544	C	T
12:52035693	12	52035693	rs2701129	T	G
12:56007301	12	56007301	rs10876864	G	A
12:56018703	12	56018703	rs1701704	T	G
12:57096045	12	57096045	rs703817	C	T
12:57674605	12	57674605	rs774890	C	T
12:68106295	12	68106295	rs7134599	G	A
12:69382519	12	69382519	rs2603088	A	G
12:9723495	12	9723495	rs10466829	G	A
13:26957130	13	26957130	rs17085007	T	C
13:26971259	13	26971259	rs3858762	A	G
13:39768420	13	39768420	rs12875311	G	A
13:39776775	13	39776775	rs7993214	T	C
13:42415524	13	42415524	rs9594746	T	C
13:42423188	13	42423188	rs912425	G	A
13:43897181	13	43897181	rs2121037	C	T
13:83872899	13	83872899	rs9546536	A	C
13:83874717	13	83874717	rs9593835	T	C
13:83882600	13	83882600	rs9546538	T	C
14:103476654	14	103476654	rs8015918	A	G
14:103484031	14	103484031	rs3742458	A	G
14:22436073	14	22436073	rs8021297	T	C
14:24632954	14	24632954	rs8192917	C	T
14:24634208	14	24634208	rs2273844	G	A
14:68787474	14	68787474	rs4902647	C	T
14:68818547	14	68818547	rs4899263	G	A
14:75242863	14	75242863	rs8013918	T	C
14:75539214	14	75539214	rs2300603	T	C
14:75544638	14	75544638	rs2300605	T	C
14:87953014	14	87953014	rs2301123	T	C
14:88011538	14	88011538	rs3742704	A	C
14:88031107	14	88031107	rs10150214	T	G
15:38546063	15	38546063	rs8035957	T	C
15:41173889	15	41173889	rs10851403	T	G
15:60777789	15	60777789	rs11071559	C	T
15:62764339	15	62764339	rs17740623	C	A
15:67171675	15	67171675	rs16950687	A	G
15:69699078	15	69699078	rs8026898	G	A
15:69712436	15	69712436	rs4777183	C	T
15:69755818	15	69755818	rs10152591	A	C
15:78941926	15	78941926	rs2870085	T	C
15:78947377	15	78947377	rs1369324	A	G
15:79970875	15	79970875	rs3826007	C	T
15:79971003	15	79971003	rs1138358	A	C
15:81114074	15	81114074	rs1317060	T	C
16:1023552	16	1023552	rs2744148	A	G
16:11075826	16	11075826	rs725613	T	G
16:11080795	16	11080795	rs2041670	G	A
16:11093926	16	11093926	rs12924729	G	A
16:11109873	16	11109873	rs12103174	A	G
16:11148049	16	11148049	rs17673553	A	G
16:11655918	16	11655918	rs7195296	A	C
16:11701039	16	11701039	rs17606153	C	T
16:11716526	16	11716526	rs1592572	T	C
16:23842539	16	23842539	rs7200798	G	A
16:28293676	16	28293676	rs8052258	T	C
16:28322090	16	28322090	rs2650492	G	A
16:30484091	16	30484091	rs2285459	T	C
16:31331684	16	31331684	rs1143678	C	T
16:3645353	16	3645353	rs735830	G	A
16:50691282	16	50691282	rs7194886	C	T
16:50883934	16	50883934	rs2357934	G	A
16:57334266	16	57334266	rs591940	G	A
16:57352654	16	57352654	rs223881	T	C
16:68540042	16	68540042	rs1182968	C	T
16:68569895	16	68569895	rs1170426	C	T
16:68640885	16	68640885	rs6499188	G	A
16:72014433	16	72014433	rs3764310	T	C
16:75213347	16	75213347	rs7202877	T	G
16:81856277	16	81856277	rs4074445	A	C
16:82849733	16	82849733	rs4299147	T	C
16:85943896	16	85943896	rs7202472	G	T
17:27516617	17	27516617	rs2945412	G	A
17:34252769	17	34252769	rs1024611	A	G
17:34260706	17	34260706	rs991804	C	T
17:39895095	17	39895095	rs8067378	A	G
17:39905943	17	39905943	rs2305480	G	A
17:39913696	17	39913696	rs7216389	C	T
17:40601537	17	40601537	rs1358175	C	T
17:40618898	17	40618898	rs757411	C	T
17:42122855	17	42122855	rs1122326	A	C
17:42137394	17	42137394	rs12325861	T	C
17:42138534	17	42138534	rs12603327	T	C
17:42142007	17	42142007	rs7214921	T	C
17:42347515	17	42347515	rs6503695	T	C
17:42355962	17	42355962	rs9891119	A	C
17:49246991	17	49246991	rs16947546	T	C
17:56803632	17	56803632	rs3853824	T	C
17:56824694	17	56824694	rs1879145	A	G
17:59912499	17	59912499	rs1292034	G	A
17:59946914	17	59946914	rs180515	A	G
17:72645559	17	72645559	rs7210086	A	C
17:72645726	17	72645726	rs7214193	A	G
17:75373341	17	75373341	rs959260	C	T
18:12809341	18	12809341	rs1893217	A	G
18:12847137	18	12847137	rs657555	C	T
18:49461270	18	49461270	rs16950548	C	T
18:58546158	18	58546158	rs12456021	G	A
18:58716960	18	58716960	rs7238078	T	G
18:58755636	18	58755636	rs4545915	A	G
18:62361422	18	62361422	rs8083511	A	C
18:69857410	18	69857410	rs4891781	G	T
18:69863203	18	69863203	rs727088	G	A
18:69864406	18	69864406	rs763361	T	C
18:69867948	18	69867948	rs1790588	T	C
18:69871588	18	69871588	rs1788103	A	G
19:10330441	19	10330441	rs3181049	G	A
19:10467167	19	10467167	rs1051738	C	A
19:10854594	19	10854594	rs11878377	C	T
19:10892186	19	10892186	rs1549926	A	C
19:1124032	19	1124032	rs2024092	G	A
19:15428628	19	15428628	rs887898	A	G
19:18193890	19	18193890	rs874628	A	G
19:33266156	19	33266156	rs736289	T	C
19:36921985	19	36921985	rs538649	T	C
19:36992542	19	36992542	rs10421415	T	C
19:36996730	19	36996730	rs935706	G	A
19:44642803	19	44642803	rs7255066	T	C
19:46346549	19	46346549	rs4802307	G	T
19:46705224	19	46705224	rs425105	T	C
19:46731628	19	46731628	rs160544	G	A
19:4830616	19	4830616	rs6510827	T	C
19:48708712	19	48708712	rs676388	T	C
19:54868759	19	54868759	rs17771967	A	G
19:6668961	19	6668961	rs1077667	C	T
1:100857310	1	100857310	rs7541397	A	G
1:100941963	1	100941963	rs11581062	A	G
1:104351230	1	104351230	rs17021444	T	C
1:113834946	1	113834946	rs2476601	A	G
1:116721168	1	116721168	rs624988	T	C
1:116721246	1	116721246	rs12405671	G	A
1:151820338	1	151820338	rs949969	G	A
1:151820698	1	151820698	rs11204894	G	T
1:154391664	1	154391664	rs11265608	G	A
1:155192276	1	155192276	rs4072037	C	T
1:155464151	1	155464151	rs12724079	T	C
1:157698600	1	157698600	rs7522061	T	C
1:158698588	1	158698588	rs751258	C	A
1:158717434	1	158717434	rs857703	G	A
1:158724418	1	158724418	rs703143	G	A
1:159646839	1	159646839	rs2592900	A	G
1:160432749	1	160432749	rs10494343	T	C
1:160865793	1	160865793	rs955371	C	T
1:161502368	1	161502368	rs10800309	A	G
1:161509955	1	161509955	rs1801274	A	G
1:167442147	1	167442147	rs864537	A	G
1:167451188	1	167451188	rs2056626	T	G
1:172706385	1	172706385	rs10798176	T	C
1:172893094	1	172893094	rs9286879	A	G
1:173257056	1	173257056	rs704840	T	G
1:17348042	1	17348042	rs2240335	C	A
1:183360126	1	183360126	rs12146097	C	T
1:185375632	1	185375632	rs977004	A	G
1:192567683	1	192567683	rs2816316	C	A
1:192571891	1	192571891	rs1323292	G	A
1:197642552	1	197642552	rs16841842	C	A
1:197662011	1	197662011	rs2488389	G	A
1:197720837	1	197720837	rs12092948	T	C
1:197774376	1	197774376	rs1539414	G	A
1:198687278	1	198687278	rs2359952	A	G
1:200123224	1	200123224	rs2737682	A	G
1:200124223	1	200124223	rs2737685	C	T
1:200128615	1	200128615	rs2821337	A	G
1:19760913	1	19760913	rs1473688	A	G
1:201040428	1	201040428	rs1546416	A	G
1:201051599	1	201051599	rs3767498	A	G
1:19845367	1	19845367	rs6426833	G	A
1:206821380	1	206821380	rs12145973	C	T
1:209795339	1	209795339	rs2013162	C	A
1:212746065	1	212746065	rs2174780	G	A
1:22375738	1	22375738	rs12568930	T	C
1:2581777	1	2581777	rs734999	C	T
1:2595307	1	2595307	rs3748816	A	G
1:24979116	1	24979116	rs6690896	G	A
1:2792599	1	2792599	rs4648356	C	A
1:39525916	1	39525916	rs3738676	G	T
1:4638499	1	4638499	rs12122754	C	T
1:67215986	1	67215986	rs7517847	T	G
1:67240275	1	67240275	rs11209026	G	A
1:67345673	1	67345673	rs3790565	C	T
1:70529879	1	70529879	rs2651244	G	A
1:8120150	1	8120150	rs7523335	G	A
1:8409729	1	8409729	rs2661868	C	T
1:92682820	1	92682820	rs11810217	C	T
1:92745319	1	92745319	rs12746893	T	C
20:14669711	20	14669711	rs991360	G	A
20:14678224	20	14678224	rs11087101	G	T
20:14697142	20	14697142	rs1041606	C	T
20:1632173	20	1632173	rs1535883	A	G
20:19702265	20	19702265	rs1535253	T	C
20:23098359	20	23098359	rs844813	C	T
20:23105867	20	23105867	rs844834	T	C
20:44458008	20	44458008	rs6073450	G	A
20:44494387	20	44494387	rs1983	G	A
20:46005911	20	46005911	rs4810482	T	C
20:50580393	20	50580393	rs718050	A	G
20:54174979	20	54174979	rs2248359	C	T
20:59249254	20	59249254	rs259964	A	G
20:59254246	20	59254246	rs259956	T	C
20:6104359	20	6104359	rs11700048	T	C
21:14550718	21	14550718	rs2822767	A	G
21:15460903	21	15460903	rs1736161	G	A
21:33395791	21	33395791	rs9976971	A	G
21:33415005	21	33415005	rs9808753	A	G
21:34539301	21	34539301	rs2834512	G	A
21:39093608	21	39093608	rs2836878	G	A
21:42421219	21	42421219	rs3788013	C	A
21:42428412	21	42428412	rs2839511	G	A
22:21585386	22	21585386	rs5754217	G	T
22:21610472	22	21610472	rs4821112	G	A
22:21628603	22	21628603	rs2298428	C	T
22:30098382	22	30098382	rs2412971	G	A
22:35337661	22	35337661	rs138794	G	A
22:36872513	22	36872513	rs2072711	A	G
22:37157685	22	37157685	rs929022	A	C
22:37185445	22	37185445	rs229527	C	A
22:39263768	22	39263768	rs2413583	C	T
22:39318699	22	39318699	rs1569498	C	T
22:39343623	22	39343623	rs137685	C	T
22:41403102	22	41403102	rs132905	C	A
22:41445030	22	41445030	rs202654	G	A
22:41565827	22	41565827	rs9611613	T	C
22:43162920	22	43162920	rs6971	A	G
2:100129933	2	100129933	rs2118280	G	A
2:100148615	2	100148615	rs2009094	G	A
2:100215693	2	100215693	rs1160542	G	A
2:102310521	2	102310521	rs11685424	G	A
2:102338193	2	102338193	rs13431828	C	T
2:102341256	2	102341256	rs1420101	C	T
2:102369762	2	102369762	rs3771166	G	A
2:102454108	2	102454108	rs917997	T	C
2:111155479	2	111155479	rs13405741	T	C
2:111230439	2	111230439	rs6749633	G	A
2:111708688	2	111708688	rs12373588	T	G
2:111716295	2	111716295	rs7605443	C	T
2:12500615	2	12500615	rs1534422	G	A
2:12503317	2	12503317	rs1534428	C	T
2:144747126	2	144747126	rs7603516	T	G
2:162254026	2	162254026	rs2111485	A	G
2:162267541	2	162267541	rs1990760	C	T
2:181131318	2	181131318	rs13010713	A	G
2:181443625	2	181443625	rs6740847	A	G
2:186638119	2	186638119	rs13422838	T	C
2:190670850	2	190670850	rs2286896	T	C
2:190673836	2	190673836	rs10931468	C	A
2:190689205	2	190689205	rs4853516	A	G
2:191071078	2	191071078	rs10168266	C	T
2:191099907	2	191099907	rs7574865	T	G
2:198029415	2	198029415	rs10196612	T	C
2:198947854	2	198947854	rs4602161	A	C
2:198962748	2	198962748	rs6714524	T	C
2:199023062	2	199023062	rs3916066	G	A
2:203843923	2	203843923	rs231804	C	T
2:213056193	2	213056193	rs3768790	G	A
2:218124051	2	218124051	rs4674257	A	G
2:218126282	2	218126282	rs4674259	G	A
2:223804712	2	223804712	rs10933018	T	G
2:223830515	2	223830515	rs4673077	A	G
2:227786316	2	227786316	rs12614514	G	A
2:230242009	2	230242009	rs10201872	C	T
2:230249416	2	230249416	rs9989899	G	A
2:233273594	2	233273594	rs2289472	C	T
2:233274722	2	233274722	rs2241880	A	G
2:233275771	2	233275771	rs3792109	G	A
2:240644259	2	240644259	rs4676403	A	G
2:24927247	2	24927247	rs6752378	C	A
2:24927427	2	24927427	rs10182181	A	G
2:25063566	2	25063566	rs1077492	C	T
2:27508073	2	27508073	rs1260326	T	C
2:28400292	2	28400292	rs1039823	G	A
2:30222456	2	30222456	rs1355208	A	G
2:30225478	2	30225478	rs906868	G	T
2:43585178	2	43585178	rs12474030	G	A
2:43592000	2	43592000	rs17031095	A	G
2:43604011	2	43604011	rs12467420	G	A
2:55594710	2	55594710	rs6717574	A	G
2:55660614	2	55660614	rs10496044	T	G
2:60940081	2	60940081	rs13014803	T	C
2:60959694	2	60959694	rs13003464	A	G
2:65379519	2	65379519	rs1194849	T	C
2:65381229	2	65381229	rs268134	A	G
2:65381775	2	65381775	rs1876518	C	T
2:65406750	2	65406750	rs2576923	A	G
2:68419963	2	68419963	rs7595037	C	T
2:8302118	2	8302118	rs10174949	G	A
2:8303673	2	8303673	rs10178845	G	A
3:102029794	3	102029794	rs771767	A	G
3:102036894	3	102036894	rs1398607	C	A
3:102037377	3	102037377	rs10804863	C	T
3:108745350	3	108745350	rs9815057	C	T
3:108848833	3	108848833	rs7609997	G	T
3:108851225	3	108851225	rs2715729	G	A
3:119399949	3	119399949	rs11712165	T	G
3:119403973	3	119403973	rs12494314	T	C
3:119486203	3	119486203	rs7650774	T	C
3:119570001	3	119570001	rs4330287	C	A
3:141383991	3	141383991	rs6763931	G	A
3:141422126	3	141422126	rs9846396	C	T
3:146883508	3	146883508	rs1464446	G	T
3:159784631	3	159784631	rs4513503	T	C
3:159787814	3	159787814	rs7636819	G	T
3:159864593	3	159864593	rs1675497	A	G
3:159979210	3	159979210	rs9811792	C	T
3:160011091	3	160011091	rs6441286	T	G
3:169774313	3	169774313	rs10936599	C	T
3:16913767	3	16913767	rs1372072	G	A
3:17033379	3	17033379	rs12108065	A	G
3:188018128	3	188018128	rs9838060	A	G
3:188036207	3	188036207	rs11710227	A	G
3:188369840	3	188369840	rs9851967	C	T
3:188406566	3	188406566	rs1559810	C	A
3:188773770	3	188773770	rs6808275	A	G
3:196624344	3	196624344	rs1385331	C	T
3:23348730	3	23348730	rs6550756	G	A
3:23406168	3	23406168	rs778462	A	C
3:25335732	3	25335732	rs322684	G	A
3:25342175	3	25342175	rs1483831	G	A
3:27723132	3	27723132	rs3806624	A	G
3:27747289	3	27747289	rs11129295	C	T
3:27756319	3	27756319	rs12493245	G	A
3:28029953	3	28029953	rs669607	A	C
3:29336599	3	29336599	rs6773182	A	C
3:30608572	3	30608572	rs6550005	A	G
3:46193709	3	46193709	rs13098911	C	T
3:49560304	3	49560304	rs9858280	T	C
3:49684099	3	49684099	rs3197999	G	A
3:53084723	3	53084723	rs2336725	C	T
3:53085687	3	53085687	rs2253685	G	A
3:53092127	3	53092127	rs2581786	G	A
3:58346341	3	58346341	rs4681679	A	G
3:58420220	3	58420220	rs11130638	A	G
3:71473959	3	71473959	rs9819066	C	T
3:71496019	3	71496019	rs11720523	C	A
3:95829911	3	95829911	rs13081814	A	G
4:102513096	4	102513096	rs3774937	T	C
4:10707742	4	10707742	rs6831973	T	C
4:122194347	4	122194347	rs13151961	A	G
4:122297158	4	122297158	rs13119723	A	G
4:122617757	4	122617757	rs2221903	C	T
4:122626913	4	122626913	rs1398553	A	G
4:165653115	4	165653115	rs2611215	A	G
4:26083889	4	26083889	rs10517086	G	A
4:38131378	4	38131378	rs633059	A	G
4:38581238	4	38581238	rs4833071	T	C
4:48258627	4	48258627	rs1472971	A	G
4:48352040	4	48352040	rs411261	C	T
4:71666044	4	71666044	rs2177921	A	G
4:73990818	4	73990818	rs2457996	C	T
4:80005847	4	80005847	rs12504282	C	T
4:80012154	4	80012154	rs7662083	G	A
4:90963093	4	90963093	rs7672960	A	G
5:103280006	5	103280006	rs386352	G	T
5:10743817	5	10743817	rs267949	T	C
5:111117147	5	111117147	rs10051830	G	A
5:111231900	5	111231900	rs1457115	C	T
5:132340627	5	132340627	rs1050152	C	T
5:132435113	5	132435113	rs2188962	C	T
5:132448701	5	132448701	rs12521868	G	T
5:132461230	5	132461230	rs11745587	G	A
5:132484229	5	132484229	rs2070729	C	A
5:132634182	5	132634182	rs6871536	T	C
5:132641435	5	132641435	rs2240032	C	T
5:134087125	5	134087125	rs244689	A	G
5:135105767	5	135105767	rs254562	A	G
5:135107916	5	135107916	rs254560	G	A
5:142099500	5	142099500	rs11167764	A	C
5:142143435	5	142143435	rs1062158	C	T
5:14727773	5	14727773	rs13189930	C	A
5:149816766	5	149816766	rs251463	G	A
5:149817119	5	149817119	rs109077	T	G
5:150223261	5	150223261	rs2241695	C	T
5:150232230	5	150232230	rs3822607	G	A
5:150890858	5	150890858	rs7714584	A	G
5:151078585	5	151078585	rs10036748	C	T
5:154203177	5	154203177	rs17626419	A	G
5:157185077	5	157185077	rs394378	T	C
5:159332892	5	159332892	rs2546890	A	G
5:159360377	5	159360377	rs6556412	G	A
5:159412209	5	159412209	rs1422878	C	T
5:160452971	5	160452971	rs2431697	T	C
5:160459613	5	160459613	rs2431099	A	G
5:16504654	5	16504654	rs4702149	T	C
5:168808175	5	168808175	rs883242	C	A
5:177293765	5	177293765	rs6872201	A	G
5:33261145	5	33261145	rs2967087	A	C
5:33305633	5	33305633	rs268763	T	C
5:35881274	5	35881274	rs11742240	G	T
5:35942940	5	35942940	rs860413	A	C
5:35952038	5	35952038	rs1993879	C	T
5:38867630	5	38867630	rs395157	C	T
5:40258476	5	40258476	rs1020360	C	T
5:40431081	5	40431081	rs1373692	A	C
5:40431562	5	40431562	rs1445001	A	G
5:5373635	5	5373635	rs17785206	T	C
5:56271260	5	56271260	rs13328207	G	A
5:560808	5	560808	rs6555357	A	G
5:583327	5	583327	rs4957048	G	A
5:601370	5	601370	rs3749615	C	T
5:628179	5	628179	rs12517345	G	A
5:96895296	5	96895296	rs2549782	G	T
5:96909639	5	96909639	rs2549796	C	T
5:99115746	5	99115746	rs3886512	A	G
6:106064013	6	106064013	rs6903235	G	A
6:106140931	6	106140931	rs6568431	A	C
6:111334327	6	111334327	rs465969	G	A
6:116759688	6	116759688	rs4946191	C	T
6:126514509	6	126514509	rs1490388	C	T
6:127150388	6	127150388	rs9491699	C	T
6:127924620	6	127924620	rs13204742	G	T
6:135418217	6	135418217	rs11154801	C	A
6:137131771	6	137131771	rs17066096	A	G
6:137646077	6	137646077	rs13192841	G	A
6:137690528	6	137690528	rs602414	G	T
6:137825911	6	137825911	rs670369	C	T
6:139116871	6	139116871	rs6925099	T	C
6:139116980	6	139116980	rs6925306	T	G
6:159044945	6	159044945	rs1738074	T	C
6:159093746	6	159093746	rs654690	T	C
6:166986024	6	166986024	rs9366078	A	G
6:167024500	6	167024500	rs2301436	C	T
6:167124106	6	167124106	rs1855025	A	G
6:2905913	6	2905913	rs11242807	G	A
6:90104480	6	90104480	rs6454802	C	T
6:90236760	6	90236760	rs4707609	T	C
6:90247744	6	90247744	rs3757247	C	T
6:90287050	6	90287050	rs12212193	A	G
7:107812658	7	107812658	rs2108225	G	A
7:107839870	7	107839870	rs4380874	T	C
7:11586025	7	11586025	rs17574506	C	T
7:117252792	7	117252792	rs38904	T	C
7:12033238	7	12033238	rs2966604	C	T
7:12035283	7	12035283	rs759372	G	A
7:128933913	7	128933913	rs4728142	G	A
7:128954129	7	128954129	rs10488631	T	C
7:128977412	7	128977412	rs12531711	A	G
7:132168151	7	132168151	rs11763166	G	A
7:132875395	7	132875395	rs6967574	C	T
7:132932033	7	132932033	rs6962471	G	A
7:140064194	7	140064194	rs10808024	G	A
7:148222104	7	148222104	rs4291186	C	A
7:148726532	7	148726532	rs243519	G	A
7:148733056	7	148733056	rs243511	A	C
7:26115894	7	26115894	rs2107348	A	G
7:27207660	7	27207660	rs10228276	G	A
7:2756323	7	2756323	rs798497	A	G
7:28136686	7	28136686	rs917117	G	A
7:2830351	7	2830351	rs1182188	T	C
7:2834014	7	2834014	rs1182179	A	G
7:37397251	7	37397251	rs11984075	A	G
7:42081954	7	42081954	rs865860	A	G
7:50264865	7	50264865	rs1456896	C	T
7:50402283	7	50402283	rs11980379	T	C
7:50402906	7	50402906	rs4132601	T	G
7:50409515	7	50409515	rs10272724	T	C
7:73773187	7	73773187	rs6460055	T	C
7:73805178	7	73805178	rs13232536	A	G
7:85045681	7	85045681	rs10486847	G	A
7:92606850	7	92606850	rs8179	T	C
8:101445058	8	101445058	rs979891	A	G
8:11123493	8	11123493	rs13276836	A	C
8:11491677	8	11491677	rs13277113	G	A
8:119370352	8	119370352	rs2447154	G	A
8:125527809	8	125527809	rs1551398	G	A
8:127802783	8	127802783	rs4410871	T	C
8:128004101	8	128004101	rs1529335	C	T
8:128544110	8	128544110	rs16903097	T	G
8:132917672	8	132917672	rs853308	C	T
8:133201961	8	133201961	rs7005834	C	T
8:18024974	8	18024974	rs2299603	C	T
8:78482432	8	78482432	rs6984124	T	G
8:80183160	8	80183160	rs998731	C	T
8:80214690	8	80214690	rs7814057	A	C
8:80368772	8	80368772	rs6473225	G	A
8:80373524	8	80373524	rs6473226	T	C
8:80376399	8	80376399	rs952559	A	G
8:8866766	8	8866766	rs3827806	C	T
8:9171903	8	9171903	rs435581	A	G
8:95966520	8	95966520	rs893225	G	A
9:99072883	9	99072883	rs4743322	C	A
9:114776054	9	114776054	rs4574921	C	T
9:114806486	9	114806486	rs6478109	A	G
9:120927961	9	120927961	rs3761847	G	A
9:124328687	9	124328687	rs912355	T	C
9:136372044	9	136372044	rs4077515	C	T
9:136374886	9	136374886	rs10781500	C	T
9:136395373	9	136395373	rs4266763	A	G
9:1532437	9	1532437	rs10810365	C	T
9:1533526	9	1533526	rs2760404	A	G
9:23579483	9	23579483	rs109156	A	G
9:34710341	9	34710341	rs11574914	G	A
9:4287466	9	4287466	rs7041847	A	G
9:4293150	9	4293150	rs10814916	A	C
9:5000811	9	5000811	rs12347727	A	G
9:5453172	9	5453172	rs822339	A	G
9:5455732	9	5455732	rs2282055	T	G
9:6161686	9	6161686	rs10124250	C	T
9:6163823	9	6163823	rs10119713	G	A
9:89706374	9	89706374	rs10908921	A	G
9:90801254	9	90801254	rs290986	A	G
