pid	CHR	BP	SNP	REF	ALT
1:113761186	1	113761186	rs6679677	C	A
1:113834946	1	113834946	rs2476601	A	G
2:198029415	2	198029415	rs10196612	T	C
2:198032171	2	198032171	rs6738825	A	G
2:198065082	2	198065082	rs7572733	C	T
3:28029953	3	28029953	rs669607	A	C
3:28033679	3	28033679	rs819991	G	T
5:157185077	5	157185077	rs394378	T	C
5:157190438	5	157190438	rs163316	C	T
5:157190576	5	157190576	rs163315	G	T
7:128936032	7	128936032	rs3757387	T	C
7:128954129	7	128954129	rs10488631	T	C
7:129023119	7	129023119	rs13236009	T	G
7:129061277	7	129061277	rs13246321	T	C
7:129068743	7	129068743	rs17340351	T	A
8:11480078	8	11480078	rs2409780	T	C
8:11486464	8	11486464	rs2736340	C	T
8:11491677	8	11491677	rs13277113	G	A
10:6056986	10	6056986	rs706778	C	T
10:6064303	10	6064303	rs7072793	T	C
22:21585386	22	21585386	rs5754217	G	T
22:21609497	22	21609497	rs5754344	A	G
8:11484361	8	11484361	rs2736336	G	T
